{
	"nodes":[
		{"op":"null","name":"Input","inputs":[]},
		{"op":"null","name":"1.c01.Weights","inputs":[]},
		{"op":"null","name":"1.c01.Biases","inputs":[]},
		{"op":"Convolution","name":"1.c01","attrs":{"num_filter":"8","kernel":"(1)","dilate":"(1)","stride":"(1)","num_group":"1","cudnn_off":"0","pad":"(0)","no_bias":"False","layout":"None"},"inputs":[[0,0,0],[1,0,0],[2,0,0]]},
		{"op":"null","name":"1.c11.Weights","inputs":[]},
		{"op":"null","name":"1.c11.Biases","inputs":[]},
		{"op":"Convolution","name":"1.c11","attrs":{"num_filter":"8","kernel":"(1)","dilate":"(1)","stride":"(1)","num_group":"1","cudnn_off":"0","pad":"(0)","no_bias":"False","layout":"None"},"inputs":[[0,0,0],[4,0,0],[5,0,0]]},
		{"op":"null","name":"1.c21.Weights","inputs":[]},
		{"op":"null","name":"1.c21.Biases","inputs":[]},
		{"op":"Convolution","name":"1.c21","attrs":{"num_filter":"8","kernel":"(1)","dilate":"(1)","stride":"(1)","num_group":"1","cudnn_off":"0","pad":"(0)","no_bias":"False","layout":"None"},"inputs":[[0,0,0],[7,0,0],[8,0,0]]},
		{"op":"null","name":"1.c31.Weights","inputs":[]},
		{"op":"null","name":"1.c31.Biases","inputs":[]},
		{"op":"Convolution","name":"1.c31","attrs":{"num_filter":"8","kernel":"(1)","dilate":"(1)","stride":"(1)","num_group":"1","cudnn_off":"0","pad":"(0)","no_bias":"False","layout":"None"},"inputs":[[0,0,0],[10,0,0],[11,0,0]]},
		{"op":"null","name":"1.c41.Weights","inputs":[]},
		{"op":"null","name":"1.c41.Biases","inputs":[]},
		{"op":"Convolution","name":"1.c41","attrs":{"num_filter":"8","kernel":"(1)","dilate":"(1)","stride":"(1)","num_group":"1","cudnn_off":"0","pad":"(0)","no_bias":"False","layout":"None"},"inputs":[[0,0,0],[13,0,0],[14,0,0]]},
		{"op":"null","name":"1.c51.Weights","inputs":[]},
		{"op":"null","name":"1.c51.Biases","inputs":[]},
		{"op":"Convolution","name":"1.c51","attrs":{"num_filter":"8","kernel":"(1)","dilate":"(1)","stride":"(1)","num_group":"1","cudnn_off":"0","pad":"(0)","no_bias":"False","layout":"None"},"inputs":[[0,0,0],[16,0,0],[17,0,0]]},
		{"op":"null","name":"1.c61.Weights","inputs":[]},
		{"op":"null","name":"1.c61.Biases","inputs":[]},
		{"op":"Convolution","name":"1.c61","attrs":{"num_filter":"8","kernel":"(1)","dilate":"(1)","stride":"(1)","num_group":"1","cudnn_off":"0","pad":"(0)","no_bias":"False","layout":"None"},"inputs":[[0,0,0],[19,0,0],[20,0,0]]},
		{"op":"null","name":"1.c71.Weights","inputs":[]},
		{"op":"null","name":"1.c71.Biases","inputs":[]},
		{"op":"Convolution","name":"1.c71","attrs":{"num_filter":"8","kernel":"(1)","dilate":"(1)","stride":"(1)","num_group":"1","cudnn_off":"0","pad":"(0)","no_bias":"False","layout":"None"},"inputs":[[0,0,0],[22,0,0],[23,0,0]]},
		{"op":"null","name":"1.c81.Weights","inputs":[]},
		{"op":"null","name":"1.c81.Biases","inputs":[]},
		{"op":"Convolution","name":"1.c81","attrs":{"num_filter":"8","kernel":"(1)","dilate":"(1)","stride":"(1)","num_group":"1","cudnn_off":"0","pad":"(0)","no_bias":"False","layout":"None"},"inputs":[[0,0,0],[25,0,0],[26,0,0]]},
		{"op":"null","name":"1.c91.Weights","inputs":[]},
		{"op":"null","name":"1.c91.Biases","inputs":[]},
		{"op":"Convolution","name":"1.c91","attrs":{"num_filter":"8","kernel":"(1)","dilate":"(1)","stride":"(1)","num_group":"1","cudnn_off":"0","pad":"(0)","no_bias":"False","layout":"None"},"inputs":[[0,0,0],[28,0,0],[29,0,0]]},
		{"op":"null","name":"1.c02.Weights","inputs":[]},
		{"op":"null","name":"1.c02.Biases","inputs":[]},
		{"op":"Convolution","name":"1.c02","attrs":{"num_filter":"8","kernel":"(1)","dilate":"(1)","stride":"(1)","num_group":"1","cudnn_off":"0","pad":"(0)","no_bias":"False","layout":"None"},"inputs":[[3,0,0],[31,0,0],[32,0,0]]},
		{"op":"null","name":"1.c12.Weights","inputs":[]},
		{"op":"null","name":"1.c12.Biases","inputs":[]},
		{"op":"Convolution","name":"1.c12","attrs":{"num_filter":"8","kernel":"(1)","dilate":"(1)","stride":"(1)","num_group":"1","cudnn_off":"0","pad":"(0)","no_bias":"False","layout":"None"},"inputs":[[6,0,0],[34,0,0],[35,0,0]]},
		{"op":"null","name":"1.c22.Weights","inputs":[]},
		{"op":"null","name":"1.c22.Biases","inputs":[]},
		{"op":"Convolution","name":"1.c22","attrs":{"num_filter":"8","kernel":"(1)","dilate":"(1)","stride":"(1)","num_group":"1","cudnn_off":"0","pad":"(0)","no_bias":"False","layout":"None"},"inputs":[[9,0,0],[37,0,0],[38,0,0]]},
		{"op":"null","name":"1.c32.Weights","inputs":[]},
		{"op":"null","name":"1.c32.Biases","inputs":[]},
		{"op":"Convolution","name":"1.c32","attrs":{"num_filter":"8","kernel":"(1)","dilate":"(1)","stride":"(1)","num_group":"1","cudnn_off":"0","pad":"(0)","no_bias":"False","layout":"None"},"inputs":[[12,0,0],[40,0,0],[41,0,0]]},
		{"op":"null","name":"1.c42.Weights","inputs":[]},
		{"op":"null","name":"1.c42.Biases","inputs":[]},
		{"op":"Convolution","name":"1.c42","attrs":{"num_filter":"8","kernel":"(1)","dilate":"(1)","stride":"(1)","num_group":"1","cudnn_off":"0","pad":"(0)","no_bias":"False","layout":"None"},"inputs":[[15,0,0],[43,0,0],[44,0,0]]},
		{"op":"null","name":"1.c52.Weights","inputs":[]},
		{"op":"null","name":"1.c52.Biases","inputs":[]},
		{"op":"Convolution","name":"1.c52","attrs":{"num_filter":"8","kernel":"(1)","dilate":"(1)","stride":"(1)","num_group":"1","cudnn_off":"0","pad":"(0)","no_bias":"False","layout":"None"},"inputs":[[18,0,0],[46,0,0],[47,0,0]]},
		{"op":"null","name":"1.c62.Weights","inputs":[]},
		{"op":"null","name":"1.c62.Biases","inputs":[]},
		{"op":"Convolution","name":"1.c62","attrs":{"num_filter":"8","kernel":"(1)","dilate":"(1)","stride":"(1)","num_group":"1","cudnn_off":"0","pad":"(0)","no_bias":"False","layout":"None"},"inputs":[[21,0,0],[49,0,0],[50,0,0]]},
		{"op":"null","name":"1.c72.Weights","inputs":[]},
		{"op":"null","name":"1.c72.Biases","inputs":[]},
		{"op":"Convolution","name":"1.c72","attrs":{"num_filter":"8","kernel":"(1)","dilate":"(1)","stride":"(1)","num_group":"1","cudnn_off":"0","pad":"(0)","no_bias":"False","layout":"None"},"inputs":[[24,0,0],[52,0,0],[53,0,0]]},
		{"op":"null","name":"1.c82.Weights","inputs":[]},
		{"op":"null","name":"1.c82.Biases","inputs":[]},
		{"op":"Convolution","name":"1.c82","attrs":{"num_filter":"8","kernel":"(1)","dilate":"(1)","stride":"(1)","num_group":"1","cudnn_off":"0","pad":"(0)","no_bias":"False","layout":"None"},"inputs":[[27,0,0],[55,0,0],[56,0,0]]},
		{"op":"null","name":"1.c92.Weights","inputs":[]},
		{"op":"null","name":"1.c92.Biases","inputs":[]},
		{"op":"Convolution","name":"1.c92","attrs":{"num_filter":"8","kernel":"(1)","dilate":"(1)","stride":"(1)","num_group":"1","cudnn_off":"0","pad":"(0)","no_bias":"False","layout":"None"},"inputs":[[30,0,0],[58,0,0],[59,0,0]]},
		{"op":"null","name":"1.c03.Weights","inputs":[]},
		{"op":"null","name":"1.c03.Biases","inputs":[]},
		{"op":"Convolution","name":"1.c03","attrs":{"num_filter":"8","kernel":"(1)","dilate":"(1)","stride":"(1)","num_group":"1","cudnn_off":"0","pad":"(0)","no_bias":"False","layout":"None"},"inputs":[[33,0,0],[61,0,0],[62,0,0]]},
		{"op":"null","name":"1.c13.Weights","inputs":[]},
		{"op":"null","name":"1.c13.Biases","inputs":[]},
		{"op":"Convolution","name":"1.c13","attrs":{"num_filter":"8","kernel":"(1)","dilate":"(1)","stride":"(1)","num_group":"1","cudnn_off":"0","pad":"(0)","no_bias":"False","layout":"None"},"inputs":[[36,0,0],[64,0,0],[65,0,0]]},
		{"op":"null","name":"1.c23.Weights","inputs":[]},
		{"op":"null","name":"1.c23.Biases","inputs":[]},
		{"op":"Convolution","name":"1.c23","attrs":{"num_filter":"8","kernel":"(1)","dilate":"(1)","stride":"(1)","num_group":"1","cudnn_off":"0","pad":"(0)","no_bias":"False","layout":"None"},"inputs":[[39,0,0],[67,0,0],[68,0,0]]},
		{"op":"null","name":"1.c33.Weights","inputs":[]},
		{"op":"null","name":"1.c33.Biases","inputs":[]},
		{"op":"Convolution","name":"1.c33","attrs":{"num_filter":"8","kernel":"(1)","dilate":"(1)","stride":"(1)","num_group":"1","cudnn_off":"0","pad":"(0)","no_bias":"False","layout":"None"},"inputs":[[42,0,0],[70,0,0],[71,0,0]]},
		{"op":"null","name":"1.c43.Weights","inputs":[]},
		{"op":"null","name":"1.c43.Biases","inputs":[]},
		{"op":"Convolution","name":"1.c43","attrs":{"num_filter":"8","kernel":"(1)","dilate":"(1)","stride":"(1)","num_group":"1","cudnn_off":"0","pad":"(0)","no_bias":"False","layout":"None"},"inputs":[[45,0,0],[73,0,0],[74,0,0]]},
		{"op":"null","name":"1.c53.Weights","inputs":[]},
		{"op":"null","name":"1.c53.Biases","inputs":[]},
		{"op":"Convolution","name":"1.c53","attrs":{"num_filter":"8","kernel":"(1)","dilate":"(1)","stride":"(1)","num_group":"1","cudnn_off":"0","pad":"(0)","no_bias":"False","layout":"None"},"inputs":[[48,0,0],[76,0,0],[77,0,0]]},
		{"op":"null","name":"1.c63.Weights","inputs":[]},
		{"op":"null","name":"1.c63.Biases","inputs":[]},
		{"op":"Convolution","name":"1.c63","attrs":{"num_filter":"8","kernel":"(1)","dilate":"(1)","stride":"(1)","num_group":"1","cudnn_off":"0","pad":"(0)","no_bias":"False","layout":"None"},"inputs":[[51,0,0],[79,0,0],[80,0,0]]},
		{"op":"null","name":"1.c73.Weights","inputs":[]},
		{"op":"null","name":"1.c73.Biases","inputs":[]},
		{"op":"Convolution","name":"1.c73","attrs":{"num_filter":"8","kernel":"(1)","dilate":"(1)","stride":"(1)","num_group":"1","cudnn_off":"0","pad":"(0)","no_bias":"False","layout":"None"},"inputs":[[54,0,0],[82,0,0],[83,0,0]]},
		{"op":"null","name":"1.c83.Weights","inputs":[]},
		{"op":"null","name":"1.c83.Biases","inputs":[]},
		{"op":"Convolution","name":"1.c83","attrs":{"num_filter":"8","kernel":"(1)","dilate":"(1)","stride":"(1)","num_group":"1","cudnn_off":"0","pad":"(0)","no_bias":"False","layout":"None"},"inputs":[[57,0,0],[85,0,0],[86,0,0]]},
		{"op":"null","name":"1.c93.Weights","inputs":[]},
		{"op":"null","name":"1.c93.Biases","inputs":[]},
		{"op":"Convolution","name":"1.c93","attrs":{"num_filter":"8","kernel":"(1)","dilate":"(1)","stride":"(1)","num_group":"1","cudnn_off":"0","pad":"(0)","no_bias":"False","layout":"None"},"inputs":[[60,0,0],[88,0,0],[89,0,0]]},
		{"op":"null","name":"1.c04.Weights","inputs":[]},
		{"op":"null","name":"1.c04.Biases","inputs":[]},
		{"op":"Convolution","name":"1.c04","attrs":{"num_filter":"8","kernel":"(1)","dilate":"(1)","stride":"(1)","num_group":"1","cudnn_off":"0","pad":"(0)","no_bias":"False","layout":"None"},"inputs":[[63,0,0],[91,0,0],[92,0,0]]},
		{"op":"null","name":"1.c14.Weights","inputs":[]},
		{"op":"null","name":"1.c14.Biases","inputs":[]},
		{"op":"Convolution","name":"1.c14","attrs":{"num_filter":"8","kernel":"(1)","dilate":"(1)","stride":"(1)","num_group":"1","cudnn_off":"0","pad":"(0)","no_bias":"False","layout":"None"},"inputs":[[66,0,0],[94,0,0],[95,0,0]]},
		{"op":"null","name":"1.c24.Weights","inputs":[]},
		{"op":"null","name":"1.c24.Biases","inputs":[]},
		{"op":"Convolution","name":"1.c24","attrs":{"num_filter":"8","kernel":"(1)","dilate":"(1)","stride":"(1)","num_group":"1","cudnn_off":"0","pad":"(0)","no_bias":"False","layout":"None"},"inputs":[[69,0,0],[97,0,0],[98,0,0]]},
		{"op":"null","name":"1.c34.Weights","inputs":[]},
		{"op":"null","name":"1.c34.Biases","inputs":[]},
		{"op":"Convolution","name":"1.c34","attrs":{"num_filter":"8","kernel":"(1)","dilate":"(1)","stride":"(1)","num_group":"1","cudnn_off":"0","pad":"(0)","no_bias":"False","layout":"None"},"inputs":[[72,0,0],[100,0,0],[101,0,0]]},
		{"op":"null","name":"1.c44.Weights","inputs":[]},
		{"op":"null","name":"1.c44.Biases","inputs":[]},
		{"op":"Convolution","name":"1.c44","attrs":{"num_filter":"8","kernel":"(1)","dilate":"(1)","stride":"(1)","num_group":"1","cudnn_off":"0","pad":"(0)","no_bias":"False","layout":"None"},"inputs":[[75,0,0],[103,0,0],[104,0,0]]},
		{"op":"null","name":"1.c54.Weights","inputs":[]},
		{"op":"null","name":"1.c54.Biases","inputs":[]},
		{"op":"Convolution","name":"1.c54","attrs":{"num_filter":"8","kernel":"(1)","dilate":"(1)","stride":"(1)","num_group":"1","cudnn_off":"0","pad":"(0)","no_bias":"False","layout":"None"},"inputs":[[78,0,0],[106,0,0],[107,0,0]]},
		{"op":"null","name":"1.c64.Weights","inputs":[]},
		{"op":"null","name":"1.c64.Biases","inputs":[]},
		{"op":"Convolution","name":"1.c64","attrs":{"num_filter":"8","kernel":"(1)","dilate":"(1)","stride":"(1)","num_group":"1","cudnn_off":"0","pad":"(0)","no_bias":"False","layout":"None"},"inputs":[[81,0,0],[109,0,0],[110,0,0]]},
		{"op":"null","name":"1.c74.Weights","inputs":[]},
		{"op":"null","name":"1.c74.Biases","inputs":[]},
		{"op":"Convolution","name":"1.c74","attrs":{"num_filter":"8","kernel":"(1)","dilate":"(1)","stride":"(1)","num_group":"1","cudnn_off":"0","pad":"(0)","no_bias":"False","layout":"None"},"inputs":[[84,0,0],[112,0,0],[113,0,0]]},
		{"op":"null","name":"1.c84.Weights","inputs":[]},
		{"op":"null","name":"1.c84.Biases","inputs":[]},
		{"op":"Convolution","name":"1.c84","attrs":{"num_filter":"8","kernel":"(1)","dilate":"(1)","stride":"(1)","num_group":"1","cudnn_off":"0","pad":"(0)","no_bias":"False","layout":"None"},"inputs":[[87,0,0],[115,0,0],[116,0,0]]},
		{"op":"null","name":"1.c94.Weights","inputs":[]},
		{"op":"null","name":"1.c94.Biases","inputs":[]},
		{"op":"Convolution","name":"1.c94","attrs":{"num_filter":"8","kernel":"(1)","dilate":"(1)","stride":"(1)","num_group":"1","cudnn_off":"0","pad":"(0)","no_bias":"False","layout":"None"},"inputs":[[90,0,0],[118,0,0],[119,0,0]]},
		{"op":"null","name":"1.c05.Weights","inputs":[]},
		{"op":"null","name":"1.c05.Biases","inputs":[]},
		{"op":"Convolution","name":"1.c05","attrs":{"num_filter":"8","kernel":"(1)","dilate":"(1)","stride":"(1)","num_group":"1","cudnn_off":"0","pad":"(0)","no_bias":"False","layout":"None"},"inputs":[[93,0,0],[121,0,0],[122,0,0]]},
		{"op":"null","name":"1.c15.Weights","inputs":[]},
		{"op":"null","name":"1.c15.Biases","inputs":[]},
		{"op":"Convolution","name":"1.c15","attrs":{"num_filter":"8","kernel":"(1)","dilate":"(1)","stride":"(1)","num_group":"1","cudnn_off":"0","pad":"(0)","no_bias":"False","layout":"None"},"inputs":[[96,0,0],[124,0,0],[125,0,0]]},
		{"op":"null","name":"1.c25.Weights","inputs":[]},
		{"op":"null","name":"1.c25.Biases","inputs":[]},
		{"op":"Convolution","name":"1.c25","attrs":{"num_filter":"8","kernel":"(1)","dilate":"(1)","stride":"(1)","num_group":"1","cudnn_off":"0","pad":"(0)","no_bias":"False","layout":"None"},"inputs":[[99,0,0],[127,0,0],[128,0,0]]},
		{"op":"null","name":"1.c35.Weights","inputs":[]},
		{"op":"null","name":"1.c35.Biases","inputs":[]},
		{"op":"Convolution","name":"1.c35","attrs":{"num_filter":"8","kernel":"(1)","dilate":"(1)","stride":"(1)","num_group":"1","cudnn_off":"0","pad":"(0)","no_bias":"False","layout":"None"},"inputs":[[102,0,0],[130,0,0],[131,0,0]]},
		{"op":"null","name":"1.c45.Weights","inputs":[]},
		{"op":"null","name":"1.c45.Biases","inputs":[]},
		{"op":"Convolution","name":"1.c45","attrs":{"num_filter":"8","kernel":"(1)","dilate":"(1)","stride":"(1)","num_group":"1","cudnn_off":"0","pad":"(0)","no_bias":"False","layout":"None"},"inputs":[[105,0,0],[133,0,0],[134,0,0]]},
		{"op":"null","name":"1.c55.Weights","inputs":[]},
		{"op":"null","name":"1.c55.Biases","inputs":[]},
		{"op":"Convolution","name":"1.c55","attrs":{"num_filter":"8","kernel":"(1)","dilate":"(1)","stride":"(1)","num_group":"1","cudnn_off":"0","pad":"(0)","no_bias":"False","layout":"None"},"inputs":[[108,0,0],[136,0,0],[137,0,0]]},
		{"op":"null","name":"1.c65.Weights","inputs":[]},
		{"op":"null","name":"1.c65.Biases","inputs":[]},
		{"op":"Convolution","name":"1.c65","attrs":{"num_filter":"8","kernel":"(1)","dilate":"(1)","stride":"(1)","num_group":"1","cudnn_off":"0","pad":"(0)","no_bias":"False","layout":"None"},"inputs":[[111,0,0],[139,0,0],[140,0,0]]},
		{"op":"null","name":"1.c75.Weights","inputs":[]},
		{"op":"null","name":"1.c75.Biases","inputs":[]},
		{"op":"Convolution","name":"1.c75","attrs":{"num_filter":"8","kernel":"(1)","dilate":"(1)","stride":"(1)","num_group":"1","cudnn_off":"0","pad":"(0)","no_bias":"False","layout":"None"},"inputs":[[114,0,0],[142,0,0],[143,0,0]]},
		{"op":"null","name":"1.c85.Weights","inputs":[]},
		{"op":"null","name":"1.c85.Biases","inputs":[]},
		{"op":"Convolution","name":"1.c85","attrs":{"num_filter":"8","kernel":"(1)","dilate":"(1)","stride":"(1)","num_group":"1","cudnn_off":"0","pad":"(0)","no_bias":"False","layout":"None"},"inputs":[[117,0,0],[145,0,0],[146,0,0]]},
		{"op":"null","name":"1.c95.Weights","inputs":[]},
		{"op":"null","name":"1.c95.Biases","inputs":[]},
		{"op":"Convolution","name":"1.c95","attrs":{"num_filter":"8","kernel":"(1)","dilate":"(1)","stride":"(1)","num_group":"1","cudnn_off":"0","pad":"(0)","no_bias":"False","layout":"None"},"inputs":[[120,0,0],[148,0,0],[149,0,0]]},
		{"op":"concat","name":"1.output$0","attrs":{"num_args":"10","dim":"2"},"inputs":[[123,0,0],[126,0,0],[129,0,0],[132,0,0],[135,0,0],[138,0,0],[141,0,0],[144,0,0],[147,0,0],[150,0,0]]},
		{"op":"Pooling","name":"2","attrs":{"kernel":"(2)","stride":"(1)","global_pool":"False","pooling_convention":"valid","pad":"(0)","count_include_pad":"True","pool_type":"max"},"inputs":[[151,0,0]]},
		{"op":"null","name":"3.Weights","inputs":[]},
		{"op":"null","name":"3.Biases","inputs":[]},
		{"op":"Convolution","name":"3","attrs":{"num_filter":"8","kernel":"(1)","dilate":"(1)","stride":"(1)","num_group":"1","cudnn_off":"0","pad":"(0)","no_bias":"False","layout":"None"},"inputs":[[152,0,0],[153,0,0],[154,0,0]]},
		{"op":"null","name":"4.Weights","inputs":[]},
		{"op":"null","name":"4.Biases","inputs":[]},
		{"op":"Convolution","name":"4","attrs":{"num_filter":"8","kernel":"(1)","dilate":"(1)","stride":"(1)","num_group":"1","cudnn_off":"0","pad":"(0)","no_bias":"False","layout":"None"},"inputs":[[155,0,0],[156,0,0],[157,0,0]]},
		{"op":"null","name":"5.Weights","inputs":[]},
		{"op":"null","name":"5.Biases","inputs":[]},
		{"op":"Convolution","name":"5","attrs":{"num_filter":"8","kernel":"(1)","dilate":"(1)","stride":"(1)","num_group":"1","cudnn_off":"0","pad":"(0)","no_bias":"False","layout":"None"},"inputs":[[158,0,0],[159,0,0],[160,0,0]]},
		{"op":"null","name":"6.Weights","inputs":[]},
		{"op":"null","name":"6.Biases","inputs":[]},
		{"op":"Convolution","name":"6","attrs":{"num_filter":"8","kernel":"(1)","dilate":"(1)","stride":"(1)","num_group":"1","cudnn_off":"0","pad":"(0)","no_bias":"False","layout":"None"},"inputs":[[161,0,0],[162,0,0],[163,0,0]]},
		{"op":"null","name":"7.Weights","inputs":[]},
		{"op":"null","name":"7.Biases","inputs":[]},
		{"op":"Convolution","name":"7","attrs":{"num_filter":"8","kernel":"(1)","dilate":"(1)","stride":"(1)","num_group":"1","cudnn_off":"0","pad":"(0)","no_bias":"False","layout":"None"},"inputs":[[164,0,0],[165,0,0],[166,0,0]]},
		{"op":"null","name":"8.Weights","inputs":[]},
		{"op":"null","name":"8.Biases","inputs":[]},
		{"op":"Convolution","name":"8","attrs":{"num_filter":"8","kernel":"(1)","dilate":"(1)","stride":"(1)","num_group":"1","cudnn_off":"0","pad":"(0)","no_bias":"False","layout":"None"},"inputs":[[167,0,0],[168,0,0],[169,0,0]]},
		{"op":"null","name":"9.Weights","inputs":[]},
		{"op":"null","name":"9.Biases","inputs":[]},
		{"op":"Convolution","name":"9","attrs":{"num_filter":"8","kernel":"(1)","dilate":"(1)","stride":"(1)","num_group":"1","cudnn_off":"0","pad":"(0)","no_bias":"False","layout":"None"},"inputs":[[170,0,0],[171,0,0],[172,0,0]]},
		{"op":"null","name":"10.Weights","inputs":[]},
		{"op":"null","name":"10.Biases","inputs":[]},
		{"op":"Convolution","name":"10","attrs":{"num_filter":"8","kernel":"(1)","dilate":"(1)","stride":"(1)","num_group":"1","cudnn_off":"0","pad":"(0)","no_bias":"False","layout":"None"},"inputs":[[173,0,0],[174,0,0],[175,0,0]]},
		{"op":"null","name":"11.Weights","inputs":[]},
		{"op":"null","name":"11.Biases","inputs":[]},
		{"op":"Convolution","name":"11","attrs":{"num_filter":"8","kernel":"(1)","dilate":"(1)","stride":"(1)","num_group":"1","cudnn_off":"0","pad":"(0)","no_bias":"False","layout":"None"},"inputs":[[176,0,0],[177,0,0],[178,0,0]]},
		{"op":"null","name":"12.Weights","inputs":[]},
		{"op":"null","name":"12.Biases","inputs":[]},
		{"op":"Convolution","name":"12","attrs":{"num_filter":"8","kernel":"(1)","dilate":"(1)","stride":"(1)","num_group":"1","cudnn_off":"0","pad":"(0)","no_bias":"False","layout":"None"},"inputs":[[179,0,0],[180,0,0],[181,0,0]]},
		{"op":"Pooling","name":"13","attrs":{"kernel":"(2)","stride":"(1)","global_pool":"False","pooling_convention":"valid","pad":"(0)","count_include_pad":"True","pool_type":"max"},"inputs":[[182,0,0]]},
		{"op":"flatten","name":"14","attrs":{},"inputs":[[183,0,0]]},
		{"op":"null","name":"15.Weights","inputs":[]},
		{"op":"null","name":"15.Biases","inputs":[]},
		{"op":"FullyConnected","name":"15","attrs":{"num_hidden":"24","no_bias":"False"},"inputs":[[184,0,0],[185,0,0],[186,0,0]]},
		{"op":"null","name":"16.Weights","inputs":[]},
		{"op":"null","name":"16.Biases","inputs":[]},
		{"op":"FullyConnected","name":"16","attrs":{"num_hidden":"16","no_bias":"False"},"inputs":[[187,0,0],[188,0,0],[189,0,0]]},
		{"op":"null","name":"17.Weights","inputs":[]},
		{"op":"null","name":"17.Biases","inputs":[]},
		{"op":"FullyConnected","name":"17","attrs":{"num_hidden":"8","no_bias":"False"},"inputs":[[190,0,0],[191,0,0],[192,0,0]]},
		{"op":"null","name":"18.Weights","inputs":[]},
		{"op":"null","name":"18.Biases","inputs":[]},
		{"op":"FullyConnected","name":"18","attrs":{"num_hidden":"2","no_bias":"False"},"inputs":[[193,0,0],[194,0,0],[195,0,0]]},
		{"op":"softmax","name":"19$0","attrs":{"axis":"1"},"inputs":[[196,0,0]]},
		{"op":"identity","name":"Output","inputs":[[197,0,0]]}
	],
	"arg_nodes":[0,1,2,4,5,7,8,10,11,13,14,16,17,19,20,22,23,25,26,28,29,31,32,34,35,37,38,40,41,43,44,46,47,49,50,52,53,55,56,58,59,61,62,64,65,67,68,70,71,73,74,76,77,79,80,82,83,85,86,88,89,91,92,94,95,97,98,100,101,103,104,106,107,109,110,112,113,115,116,118,119,121,122,124,125,127,128,130,131,133,134,136,137,139,140,142,143,145,146,148,149,153,154,156,157,159,160,162,163,165,166,168,169,171,172,174,175,177,178,180,181,185,186,188,189,191,192,194,195],
	"heads":[[198,0,0]],
	"attrs":{
		"mxnet_version":["int",10600]
	}
}